Z,orbital,n,l,occupancy,Z_eff,E_base_eV,Delta_Shannon_eV,Delta_Fisher_eV,E_total_eV,r_avg_bohr,r_avg_angstrom,is_valence
1,1s,1,0,1,1.000000,-13.605698,0.000000,0.000000,-13.605698,1.500000,0.793766,True
2,1s,1,0,2,1.700000,-39.320467,0.000000,0.000000,-39.320467,0.882353,0.466921,True
3,1s,1,0,2,2.700000,-99.185539,0.000000,0.000000,-99.185539,0.555556,0.293987,False
3,2s,2,0,1,1.300000,-5.748407,0.000000,0.000000,-5.748407,4.615385,2.442356,True
4,1s,1,0,2,3.700000,-186.262007,0.000000,0.000000,-186.262007,0.405405,0.214531,False
4,2s,2,0,2,1.950000,-12.933917,0.000000,0.000000,-12.933917,3.076923,1.628238,True
5,1s,1,0,2,4.700000,-300.549870,0.000000,0.000000,-300.549870,0.319149,0.168886,False
5,2s,2,0,2,2.600000,-22.993630,0.000000,0.000000,-22.993630,2.307692,1.221178,False
5,2p,2,1,1,2.600000,-23.136814,0.006134,0.000000,-23.130679,1.929065,1.020817,True
6,1s,1,0,2,5.700000,-442.049130,0.000000,0.000000,-442.049130,0.263158,0.139257,False
6,2s,2,0,2,3.250000,-35.927546,0.000000,0.000000,-35.927546,1.846154,0.976943,False
6,2p,2,1,2,3.250000,-36.151271,0.023400,0.000000,-36.127871,1.543252,0.816654,True
7,1s,1,0,2,6.700000,-610.759786,0.000000,0.000000,-610.759786,0.223881,0.118473,False
7,2s,2,0,2,3.900000,-51.735667,0.000000,0.000000,-51.735667,1.538462,0.814119,False
7,2p,2,1,3,3.900000,-52.057830,0.069871,0.000000,-51.987959,1.286043,0.680545,True
8,1s,1,0,2,7.700000,-806.681838,0.000000,0.000000,-806.681838,0.194805,0.103086,False
8,2s,2,0,2,4.550000,-70.417991,0.000000,0.000000,-70.417991,1.318681,0.697816,False
8,2p,2,1,4,4.550000,-70.856491,0.176189,0.000000,-70.680303,1.102323,0.583324,True
9,1s,1,0,2,8.700000,-1029.815287,0.000000,0.000000,-1029.815287,0.172414,0.091237,False
9,2s,2,0,2,5.200000,-91.974519,0.000000,0.000000,-91.974519,1.153846,0.610589,False
9,2p,2,1,5,5.200000,-92.547254,0.392581,0.000000,-92.154673,0.964532,0.510408,True
10,1s,1,0,2,9.700000,-1280.160131,0.000000,0.000000,-1280.160131,0.154639,0.081832,False
10,2s,2,0,2,5.850000,-116.405251,0.000000,0.000000,-116.405251,1.025641,0.542746,False
10,2p,2,1,6,5.850000,-117.130118,0.795875,0.000000,-116.334243,0.857362,0.453696,True
11,1s,1,0,2,10.700000,-1557.716372,0.000000,0.000000,-1557.716372,0.140187,0.074184,False
11,2s,2,0,2,6.850000,-159.603342,0.000000,0.000000,-159.603342,0.875912,0.463513,False
11,2p,2,1,6,6.850000,-160.597209,2.051413,0.000000,-158.545796,0.732200,0.387463,False
11,3s,3,0,1,2.200000,-7.316842,0.000000,0.000000,-7.316842,6.136364,3.247224,True
12,1s,1,0,2,11.700000,-1862.484008,0.000000,0.000000,-1862.484008,0.128205,0.067843,False
12,2s,2,0,2,7.850000,-209.604282,0.000000,0.000000,-209.604282,0.764331,0.404467,False
12,2p,2,1,6,7.850000,-210.909510,4.646517,0.000000,-206.262993,0.638926,0.338105,False
12,3s,3,0,2,2.850000,-12.279143,0.000000,0.000000,-12.279143,4.736842,2.506629,True
13,1s,1,0,2,12.700000,-2194.463041,0.000000,0.000000,-2194.463041,0.118110,0.062501,False
13,2s,2,0,2,8.850000,-266.408072,0.000000,0.000000,-266.408072,0.677966,0.358764,False
13,2p,2,1,6,8.850000,-268.067023,9.540459,0.000000,-258.526565,0.566731,0.299901,False
13,3s,3,0,2,3.500000,-18.518867,0.000000,0.000000,-18.518867,3.857143,2.041112,False
13,3p,3,1,1,3.500000,-19.450491,0.005017,0.000000,-19.445473,3.661262,1.937456,True
14,1s,1,0,2,13.700000,-2553.653470,0.000000,0.000000,-2553.653470,0.109489,0.057939,False
14,2s,2,0,2,9.850000,-330.014710,0.000000,0.000000,-330.014710,0.609137,0.322341,False
14,2p,2,1,6,9.850000,-332.069747,18.135394,0.000000,-313.934352,0.509195,0.269454,False
14,3s,3,0,2,4.150000,-26.036015,0.000000,0.000000,-26.036015,3.253012,1.721420,False
14,3p,3,1,2,4.150000,-27.345802,0.013943,0.000000,-27.331859,3.087811,1.633999,True
15,1s,1,0,2,14.700000,-2940.055295,0.000000,0.000000,-2940.055295,0.102041,0.053998,False
15,2s,2,0,2,10.850000,-400.424198,0.000000,0.000000,-400.424198,0.552995,0.292633,False
15,2p,2,1,6,10.850000,-402.917682,32.395751,0.000000,-370.521931,0.462264,0.244620,False
15,3s,3,0,2,4.800000,-34.830587,0.000000,0.000000,-34.830587,2.812500,1.488311,False
15,3p,3,1,3,4.800000,-36.582801,0.033383,0.000000,-36.549418,2.669670,1.412729,True
16,1s,1,0,2,15.700000,-3353.668516,0.000000,0.000000,-3353.668516,0.095541,0.050558,False
16,2s,2,0,2,11.850000,-477.636534,0.000000,0.000000,-477.636534,0.506329,0.267938,False
16,2p,2,1,6,11.850000,-480.610828,54.981898,0.000000,-425.628930,0.423255,0.223977,False
16,3s,3,0,2,5.450000,-44.902583,0.000000,0.000000,-44.902583,2.477064,1.310806,False
16,3p,3,1,4,5.450000,-47.161486,0.071524,0.000000,-47.089962,2.351269,1.244238,True
17,1s,1,0,2,16.700000,-3794.493134,0.000000,0.000000,-3794.493134,0.089820,0.047531,False
17,2s,2,0,2,12.850000,-561.651720,0.000000,0.000000,-561.651720,0.466926,0.247087,False
17,2p,2,1,6,12.850000,-565.149185,89.398121,0.000000,-475.751064,0.390317,0.206547,False
17,3s,3,0,2,6.100000,-56.252003,0.000000,0.000000,-56.252003,2.213115,1.171130,False
17,3p,3,1,5,6.100000,-59.081858,0.140622,0.000000,-58.941236,2.100724,1.111655,True
18,1s,1,0,2,17.700000,-4262.529147,0.000000,0.000000,-4262.529147,0.084746,0.044846,False
18,2s,2,0,2,13.850000,-652.469754,0.000000,0.000000,-652.469754,0.433213,0.229246,False
18,2p,2,1,6,13.850000,-656.532753,140.154893,0.000000,-516.377860,0.362135,0.191634,False
18,3s,3,0,2,6.750000,-68.878846,0.000000,0.000000,-68.878846,2.000000,1.058354,False
18,3p,3,1,6,6.750000,-72.343917,0.258164,0.000000,-72.085753,1.898432,1.004607,True
19,1s,1,0,2,18.700000,-4757.776557,0.000000,0.000000,-4757.776557,0.080214,0.042447,False
19,2s,2,0,2,14.850000,-750.090638,0.000000,0.000000,-750.090638,0.404040,0.213809,False
19,2p,2,1,6,14.850000,-754.761532,212.945440,0.000000,-541.816092,0.337749,0.178729,False
19,3s,3,0,2,7.750000,-90.799138,0.000000,0.000000,-90.799138,1.741935,0.921793,False
19,3p,3,1,6,7.750000,-95.366947,0.591403,0.000000,-94.775544,1.653473,0.874980,False
19,4s,4,0,1,1.000000,-0.850356,0.000000,0.000000,-0.850356,24.000000,12.700253,True
20,1s,1,0,2,19.700000,-5280.235362,0.000000,0.000000,-5280.235362,0.076142,0.040293,False
20,2s,2,0,2,15.850000,-854.514371,0.000000,0.000000,-854.514371,0.378549,0.200319,False
20,2p,2,1,6,15.850000,-859.835522,314.836606,0.000000,-544.998916,0.316440,0.167453,False
20,3s,3,0,2,8.750000,-115.742918,0.000000,0.000000,-115.742918,1.542857,0.816445,False
20,3p,3,1,6,8.750000,-121.565567,1.224960,0.000000,-120.340608,1.464505,0.774983,False
20,4s,4,0,2,1.650000,-2.315095,0.000000,0.000000,-2.315095,14.545455,7.697123,True
21,1s,1,0,2,20.700000,-5829.905564,0.000000,0.000000,-5829.905564,0.072464,0.038346,False
21,2s,2,0,2,16.850000,-965.740952,0.000000,0.000000,-965.740952,0.356083,0.188431,False
21,2p,2,1,6,16.850000,-971.754724,454.474012,0.000000,-517.280712,0.297660,0.157515,False
21,3s,3,0,2,9.400000,-133.577720,0.000000,0.000000,-133.577720,1.436170,0.759989,False
21,3p,3,1,6,9.400000,-140.297581,1.882958,0.000000,-138.414623,1.363236,0.721393,False
21,4s,4,0,2,1.800000,-2.755154,0.000000,0.000000,-2.755154,13.333333,7.055696,False
21,3d,3,2,1,9.400000,-140.619065,0.377455,0.000000,-140.241610,1.146462,0.606682,True
22,1s,1,0,2,21.700000,-6406.787162,0.000000,0.000000,-6406.787162,0.069124,0.036579,False
22,2s,2,0,2,17.850000,-1083.770383,0.000000,0.000000,-1083.770383,0.336134,0.177875,False
22,2p,2,1,6,17.850000,-1090.519136,642.301514,0.000000,-448.217622,0.280984,0.148690,False
22,3s,3,0,2,10.050000,-152.689947,0.000000,0.000000,-152.689947,1.343284,0.710835,False
22,3p,3,1,6,10.050000,-160.371281,2.812353,0.000000,-157.558928,1.275066,0.674736,False
22,4s,4,0,2,1.950000,-3.233479,0.000000,0.000000,-3.233479,12.307692,6.512950,False
22,3d,3,2,2,10.050000,-160.738763,0.563759,0.000000,-160.175003,1.072313,0.567444,True
23,1s,1,0,2,22.700000,-7010.880156,0.000000,0.000000,-7010.880156,0.066079,0.034968,False
23,2s,2,0,2,18.850000,-1208.602663,0.000000,0.000000,-1208.602663,0.318302,0.168438,False
23,2p,2,1,6,18.850000,-1216.128760,890.794958,0.000000,-325.333802,0.266078,0.140802,False
23,3s,3,0,2,10.700000,-173.079597,0.000000,0.000000,-173.079597,1.261682,0.667653,False
23,3p,3,1,6,10.700000,-181.786669,4.096153,0.000000,-177.690516,1.197609,0.633747,False
23,4s,4,0,2,2.100000,-3.750071,0.000000,0.000000,-3.750071,11.428571,6.047740,False
23,3d,3,2,3,10.700000,-182.203222,0.821108,0.000000,-181.382114,1.007172,0.532973,True
24,1s,1,0,2,23.700000,-7642.184547,0.000000,0.000000,-7642.184547,0.063291,0.033492,False
24,2s,2,0,2,19.850000,-1340.237792,0.000000,0.000000,-1340.237792,0.302267,0.159953,False
24,2p,2,1,6,19.850000,-1348.583595,1214.710231,0.000000,-133.873363,0.252673,0.133709,False
24,3s,3,0,2,11.350000,-194.746671,0.000000,0.000000,-194.746671,1.189427,0.629418,False
24,3p,3,1,6,11.350000,-204.543743,5.835105,0.000000,-198.708638,1.129024,0.597454,False
24,4s,4,0,2,2.250000,-4.304928,0.000000,0.000000,-4.304928,10.666667,5.644557,False
24,3d,3,2,4,11.350000,-205.012443,1.169695,0.000000,-203.842748,0.949493,0.502450,True
25,1s,1,0,2,24.700000,-8300.700333,0.000000,0.000000,-8300.700333,0.060729,0.032136,False
25,2s,2,0,2,20.850000,-1478.675769,0.000000,0.000000,-1478.675769,0.287770,0.152281,False
25,2p,2,1,6,20.850000,-1487.883640,1631.345611,0.000000,143.461970,0.240555,0.127296,False
25,3s,3,0,2,12.000000,-217.691169,0.000000,0.000000,-217.691169,1.125000,0.595324,False
25,3p,3,1,6,12.000000,-228.642504,8.150063,0.000000,-220.492441,1.067868,0.565091,False
25,4s,4,0,2,2.400000,-4.898051,0.000000,0.000000,-4.898051,10.000000,5.291772,False
25,3d,3,2,5,12.000000,-229.166425,1.633748,0.000000,-227.532677,0.898062,0.475234,True
26,1s,1,0,2,25.700000,-8986.427516,0.000000,0.000000,-8986.427516,0.058366,0.030886,False
26,2s,2,0,2,21.850000,-1623.916596,0.000000,0.000000,-1623.916596,0.274600,0.145312,False
26,2p,2,1,6,21.850000,-1634.028897,2160.818407,0.000000,526.789510,0.229545,0.121470,False
26,3s,3,0,2,12.650000,-241.913091,0.000000,0.000000,-241.913091,1.067194,0.564735,False
26,3p,3,1,6,12.650000,-254.082952,11.184501,0.000000,-242.898451,1.012997,0.536055,False
26,4s,4,0,2,2.550000,-5.529441,0.000000,0.000000,-5.529441,9.411765,4.980491,False
26,3d,3,2,6,12.650000,-254.665168,2.242026,0.000000,-252.423142,0.851917,0.450815,True
27,1s,1,0,2,26.700000,-9699.366094,0.000000,0.000000,-9699.366094,0.056180,0.029729,False
27,2s,2,0,2,22.850000,-1775.960272,0.000000,0.000000,-1775.960272,0.262582,0.138952,False
27,2p,2,1,6,22.850000,-1787.019365,2826.355908,0.000000,1039.336543,0.219500,0.116154,False
27,3s,3,0,2,13.300000,-267.412437,0.000000,0.000000,-267.412437,1.015038,0.537135,False
27,3p,3,1,6,13.300000,-280.865087,15.107177,0.000000,-265.757910,0.963490,0.509857,False
27,4s,4,0,2,2.700000,-6.199096,0.000000,0.000000,-6.199096,8.888889,4.703797,False
27,3d,3,2,7,13.300000,-281.508673,3.028359,0.000000,-278.480314,0.810282,0.428783,True
28,1s,1,0,2,27.700000,-10439.516069,0.000000,0.000000,-10439.516069,0.054152,0.028656,False
28,2s,2,0,2,23.850000,-1934.806797,0.000000,0.000000,-1934.806797,0.251572,0.133126,False
28,2p,2,1,6,23.850000,-1946.855044,3654.600617,0.000000,1707.745572,0.210296,0.111284,False
28,3s,3,0,2,13.950000,-294.189206,0.000000,0.000000,-294.189206,0.967742,0.512107,False
28,3p,3,1,6,13.950000,-308.988909,20.114939,0.000000,-288.873970,0.918596,0.486100,False
28,4s,4,0,2,2.850000,-6.907018,0.000000,0.000000,-6.907018,8.421053,4.456229,False
28,3d,3,2,8,13.950000,-309.696939,4.032206,0.000000,-305.664733,0.772527,0.408803,True
29,1s,1,0,2,28.700000,-11206.877440,0.000000,0.000000,-11206.877440,0.052265,0.027657,False
29,2s,2,0,2,24.850000,-2100.456171,0.000000,0.000000,-2100.456171,0.241449,0.127769,False
29,2p,2,1,6,24.850000,-2113.535935,4675.929788,0.000000,2562.393853,0.201834,0.106806,False
29,3s,3,0,2,14.600000,-322.243400,0.000000,0.000000,-322.243400,0.924658,0.489308,False
29,3p,3,1,6,14.600000,-338.454418,26.435687,0.000000,-312.018730,0.877700,0.464459,False
29,4s,4,0,2,3.000000,-7.653205,0.000000,0.000000,-7.653205,8.000000,4.233418,False
29,3d,3,2,9,14.600000,-339.229966,5.299253,0.000000,-333.930714,0.738133,0.390603,True
30,1s,1,0,2,29.700000,-12001.450207,0.000000,0.000000,-12001.450207,0.050505,0.026726,False
30,2s,2,0,2,25.850000,-2272.908394,0.000000,0.000000,-2272.908394,0.232108,0.122826,False
30,2p,2,1,6,25.850000,-2287.062036,5924.789261,0.000000,3637.727225,0.194026,0.102674,False
30,3s,3,0,2,15.250000,-351.575017,0.000000,0.000000,-351.575017,0.885246,0.468452,False
30,3p,3,1,6,15.250000,-369.261613,34.331481,0.000000,-334.930133,0.840290,0.444662,False
30,4s,4,0,2,3.150000,-8.437659,0.000000,0.000000,-8.437659,7.619048,4.031826,False
30,3d,3,2,10,15.250000,-370.107755,6.882030,0.000000,-363.225725,0.706672,0.373955,True
31,1s,1,0,2,30.700000,-12823.234370,0.000000,0.000000,-12823.234370,0.048860,0.025856,False
31,2s,2,0,2,26.850000,-2452.163466,0.000000,0.000000,-2452.163466,0.223464,0.118252,False
31,2p,2,1,6,26.850000,-2467.433348,7440.041588,0.000000,4972.608240,0.186800,0.098850,False
31,3s,3,0,2,16.250000,-399.194961,0.000000,0.000000,-399.194961,0.830769,0.439624,False
31,3p,3,1,6,16.250000,-419.277161,50.256665,0.000000,-369.020496,0.788580,0.417298,False
31,4s,4,0,2,3.800000,-12.279143,0.000000,0.000000,-12.279143,6.315789,3.342172,False
31,3d,3,2,10,16.250000,-420.237910,10.074365,0.000000,-410.163545,0.663184,0.350942,False
31,4p,4,1,1,3.800000,-13.434935,0.002032,0.000000,-13.432904,6.337488,3.353654,True
32,1s,1,0,2,31.700000,-13672.229929,0.000000,0.000000,-13672.229929,0.047319,0.025040,False
32,2s,2,0,2,27.850000,-2638.221387,0.000000,0.000000,-2638.221387,0.215440,0.114006,False
32,2p,2,1,6,27.850000,-2654.649872,9265.328463,0.000000,6610.678591,0.180092,0.095301,False
32,3s,3,0,2,17.250000,-449.838392,0.000000,0.000000,-449.838392,0.782609,0.414139,False
32,3p,3,1,6,17.250000,-472.468299,71.913109,0.000000,-400.555190,0.742865,0.393107,False
32,4s,4,0,2,4.450000,-16.839177,0.000000,0.000000,-16.839177,5.393258,2.853989,False
32,3d,3,2,10,17.250000,-473.550933,14.415579,0.000000,-459.135354,0.624739,0.330598,False
32,4p,4,1,2,4.450000,-18.424190,0.005240,0.000000,-18.418950,5.411788,2.863795,True
33,1s,1,0,2,32.700000,-14548.436885,0.000000,0.000000,-14548.436885,0.045872,0.024274,False
33,2s,2,0,2,28.850000,-2831.082157,0.000000,0.000000,-2831.082157,0.207972,0.110054,False
33,2p,2,1,6,28.850000,-2848.711606,11449.447443,0.000000,8600.735837,0.173850,0.091997,False
33,3s,3,0,2,18.250000,-503.505312,0.000000,0.000000,-503.505312,0.739726,0.391446,False
33,3p,3,1,6,18.250000,-528.835028,100.844144,0.000000,-427.990884,0.702160,0.371567,False
33,4s,4,0,2,5.100000,-22.117763,0.000000,0.000000,-22.117763,4.705882,2.490246,False
33,3d,3,2,10,18.250000,-530.046822,20.215045,0.000000,-509.831778,0.590507,0.312483,False
33,4p,4,1,3,5.100000,-24.199630,0.011873,0.000000,-24.187758,4.722050,2.498801,True
34,1s,1,0,2,33.700000,-15451.855236,0.000000,0.000000,-15451.855236,0.044510,0.023554,False
34,2s,2,0,2,29.850000,-3030.745776,0.000000,0.000000,-3030.745776,0.201005,0.106367,False
34,2p,2,1,6,29.850000,-3049.618552,14046.742971,0.000000,10997.124419,0.168026,0.088915,False
34,3s,3,0,2,19.250000,-560.195721,0.000000,0.000000,-560.195721,0.701299,0.371111,False
34,3p,3,1,6,19.250000,-588.377346,138.885809,0.000000,-449.491537,0.665684,0.352265,False
34,4s,4,0,2,5.750000,-28.114900,0.000000,0.000000,-28.114900,4.173913,2.208740,False
34,3d,3,2,10,19.250000,-589.725579,27.840812,0.000000,-561.884767,0.559831,0.296250,False
34,4p,4,1,4,5.750000,-30.761256,0.024386,0.000000,-30.736871,4.188253,2.216328,True
35,1s,1,0,2,34.700000,-16382.484984,0.000000,0.000000,-16382.484984,0.043228,0.022875,False
35,2s,2,0,2,30.850000,-3237.212244,0.000000,0.000000,-3237.212244,0.194489,0.102919,False
35,2p,2,1,6,30.850000,-3257.370709,17117.511691,0.000000,13860.140982,0.162579,0.086033,False
35,3s,3,0,2,20.250000,-619.909618,0.000000,0.000000,-619.909618,0.666667,0.352785,False
35,3p,3,1,6,20.250000,-651.095255,188.201741,0.000000,-462.893514,0.632811,0.334869,False
35,4s,4,0,2,6.400000,-34.830587,0.000000,0.000000,-34.830587,3.750000,1.984415,False
35,3d,3,2,10,20.250000,-652.587202,37.726599,0.000000,-614.860604,0.532185,0.281620,False
35,4p,4,1,5,6.400000,-38.109068,0.046367,0.000000,-38.062701,3.762884,1.991232,True
36,1s,1,0,2,35.700000,-17340.326128,0.000000,0.000000,-17340.326128,0.042017,0.022234,False
36,2s,2,0,2,31.850000,-3450.481562,0.000000,0.000000,-3450.481562,0.188383,0.099688,False
36,2p,2,1,6,31.850000,-3471.968077,20728.422062,0.000000,17256.453985,0.157475,0.083332,False
36,3s,3,0,2,21.250000,-682.647004,0.000000,0.000000,-682.647004,0.635294,0.336183,False
36,3p,3,1,6,21.250000,-716.988755,251.320015,0.000000,-465.668739,0.603031,0.319110,False
36,4s,4,0,2,7.050000,-42.264826,0.000000,0.000000,-42.264826,3.404255,1.801454,False
36,3d,3,2,10,21.250000,-718.631693,50.379180,0.000000,-668.252513,0.507141,0.268367,False
36,4p,4,1,6,7.050000,-46.243065,0.082845,0.000000,-46.160220,3.415951,1.807643,True
37,1s,1,0,2,36.700000,-18325.378668,0.000000,0.000000,-18325.378668,0.040872,0.021628,False
37,2s,2,0,2,32.850000,-3670.553728,0.000000,0.000000,-3670.553728,0.182648,0.096653,False
37,2p,2,1,6,32.850000,-3693.410656,24952.948273,0.000000,21259.537617,0.152681,0.080795,False
37,3s,3,0,2,22.250000,-748.407878,0.000000,0.000000,-748.407878,0.606742,0.321074,False
37,3p,3,1,6,22.250000,-786.057844,331.171964,0.000000,-454.885881,0.575929,0.304768,False
37,4s,4,0,2,8.050000,-55.105203,0.000000,0.000000,-55.105203,2.981366,1.577671,False
37,3d,3,2,10,22.250000,-787.859050,66.386165,0.000000,-721.472885,0.484348,0.256306,False
37,4p,4,1,6,8.050000,-60.292063,0.183614,0.000000,-60.108448,2.991609,1.583091,False
37,5s,5,0,1,10.000000,-54.422792,0.000000,0.000000,-54.422792,3.750000,1.984415,True
38,1s,1,0,2,37.700000,-19337.642604,0.000000,0.000000,-19337.642604,0.039788,0.021055,False
38,2s,2,0,2,33.850000,-3897.428743,0.000000,0.000000,-3897.428743,0.177253,0.093798,False
38,2p,2,1,6,33.850000,-3921.698446,29871.818445,0.000000,25950.119999,0.148170,0.078408,False
38,3s,3,0,2,23.250000,-817.192240,0.000000,0.000000,-817.192240,0.580645,0.307264,False
38,3p,3,1,6,23.250000,-858.302525,431.132949,0.000000,-427.169576,0.551158,0.291660,False
38,4s,4,0,2,9.050000,-69.646293,0.000000,0.000000,-69.646293,2.651934,1.403343,False
38,3d,3,2,10,23.250000,-860.269275,86.424173,0.000000,-773.845102,0.463516,0.245282,False
38,4p,4,1,6,9.050000,-76.201854,0.370700,0.000000,-75.831154,2.661045,1.408164,False
38,5s,5,0,2,10.000000,-54.422792,0.000000,0.000000,-54.422792,3.750000,1.984415,True
39,1s,1,0,2,38.700000,-20377.117936,0.000000,0.000000,-20377.117936,0.038760,0.020511,False
39,2s,2,0,2,34.850000,-4131.106607,0.000000,0.000000,-4131.106607,0.172166,0.091107,False
39,2p,2,1,6,34.850000,-4156.831447,35573.477143,0.000000,31416.645696,0.143919,0.076159,False
39,3s,3,0,2,24.250000,-889.000091,0.000000,0.000000,-889.000091,0.556701,0.294593,False
39,3p,3,1,6,24.250000,-933.722795,555.065109,0.000000,-378.657686,0.528430,0.279633,False
39,4s,4,0,2,9.700000,-80.010008,0.000000,0.000000,-80.010008,2.474227,1.309304,False
39,3d,3,2,10,24.250000,-935.862367,111.267402,0.000000,-824.594965,0.444402,0.235167,False
39,4p,4,1,6,9.700000,-87.541070,0.562033,0.000000,-86.979037,2.482727,1.313803,False
39,5s,5,0,2,10.000000,-54.422792,0.000000,0.000000,-54.422792,3.750000,1.984415,False
39,4d,4,2,1,9.700000,-87.636152,0.112529,0.000000,-87.523624,2.268124,1.200240,True
40,1s,1,0,2,39.700000,-21443.804665,0.000000,0.000000,-21443.804665,0.037783,0.019994,False
40,2s,2,0,2,35.850000,-4371.587321,0.000000,0.000000,-4371.587321,0.167364,0.088565,False
40,2p,2,1,6,35.850000,-4398.809659,42154.562171,0.000000,37755.752512,0.139904,0.074034,False
40,3s,3,0,2,25.250000,-963.831430,0.000000,0.000000,-963.831430,0.534653,0.282926,False
40,3p,3,1,6,25.250000,-1012.318656,707.362066,0.000000,-304.956590,0.507502,0.268558,False
40,4s,4,0,2,10.350000,-91.092274,0.000000,0.000000,-91.092274,2.318841,1.227078,False
40,3d,3,2,10,25.250000,-1014.638325,141.796589,0.000000,-872.841736,0.426802,0.225854,False
40,4p,4,1,6,10.350000,-99.666471,0.829418,0.000000,-98.837053,2.326807,1.231293,False
40,5s,5,0,2,10.000000,-54.422792,0.000000,0.000000,-54.422792,3.750000,1.984415,False
40,4d,4,2,2,10.350000,-99.774724,0.166064,0.000000,-99.608660,2.125682,1.124862,True
41,1s,1,0,2,40.700000,-22537.702789,0.000000,0.000000,-22537.702789,0.036855,0.019503,False
41,2s,2,0,2,36.850000,-4618.870883,0.000000,0.000000,-4618.870883,0.162822,0.086162,False
41,2p,2,1,6,36.850000,-4647.633083,49720.395676,0.000000,45072.762593,0.136108,0.072025,False
41,3s,3,0,2,26.250000,-1041.686258,0.000000,0.000000,-1041.686258,0.514286,0.272148,False
41,3p,3,1,6,26.250000,-1094.090107,892.995597,0.000000,-201.094510,0.488168,0.258328,False
41,4s,4,0,2,11.000000,-102.893092,0.000000,0.000000,-102.893092,2.181818,1.154568,False
41,3d,3,2,10,26.250000,-1096.597151,179.008369,0.000000,-917.588782,0.410543,0.217250,False
41,4p,4,1,6,11.000000,-112.578057,1.195329,0.000000,-111.382729,2.189314,1.158535,False
41,5s,5,0,2,10.000000,-54.422792,0.000000,0.000000,-54.422792,3.750000,1.984415,False
41,4d,4,2,3,11.000000,-112.700334,0.239325,0.000000,-112.461009,2.000073,1.058393,True
42,1s,1,0,2,41.700000,-23658.812310,0.000000,0.000000,-23658.812310,0.035971,0.019035,False
42,2s,2,0,2,37.850000,-4872.957294,0.000000,0.000000,-4872.957294,0.158520,0.083885,False
42,2p,2,1,6,37.850000,-4903.301717,58385.489540,0.000000,53482.187823,0.132512,0.070122,False
42,3s,3,0,2,27.250000,-1122.564574,0.000000,0.000000,-1122.564574,0.495413,0.262161,False
42,3p,3,1,6,27.250000,-1179.037148,1117.564277,0.000000,-61.472872,0.470254,0.248848,False
42,4s,4,0,2,11.650000,-115.412460,0.000000,0.000000,-115.412460,2.060086,1.090150,False
42,3d,3,2,10,27.250000,-1181.738843,224.025022,0.000000,-957.713821,0.395477,0.209277,False
42,4p,4,1,6,11.650000,-126.275830,1.686890,0.000000,-124.588940,2.067163,1.093896,False
42,5s,5,0,2,10.000000,-54.422792,0.000000,0.000000,-54.422792,3.750000,1.984415,False
42,4d,4,2,4,11.650000,-126.412984,0.337744,0.000000,-126.075240,1.888481,0.999341,True
43,1s,1,0,2,42.700000,-24807.133227,0.000000,0.000000,-24807.133227,0.035129,0.018589,False
43,2s,2,0,2,38.850000,-5133.846555,0.000000,0.000000,-5133.846555,0.154440,0.081726,False
43,2p,2,1,6,38.850000,-5165.815563,68274.065076,0.000000,63108.249513,0.129101,0.068317,False
43,3s,3,0,2,28.250000,-1206.466379,0.000000,0.000000,-1206.466379,0.477876,0.252881,False
43,3p,3,1,6,28.250000,-1267.159780,1387.344076,0.000000,120.184296,0.453608,0.240039,False
43,4s,4,0,2,12.300000,-128.650379,0.000000,0.000000,-128.650379,1.951220,1.032541,False
43,3d,3,2,10,28.250000,-1270.063403,278.104619,0.000000,-991.958784,0.381478,0.201869,False
43,4p,4,1,6,12.300000,-140.759788,2.336479,0.000000,-138.423309,1.957923,1.036088,False
43,5s,5,0,2,10.000000,-54.422792,0.000000,0.000000,-54.422792,3.750000,1.984415,False
43,4d,4,2,5,12.300000,-140.912674,0.467803,0.000000,-140.444871,1.788683,0.946531,True
44,1s,1,0,2,43.700000,-25982.665539,0.000000,0.000000,-25982.665539,0.034325,0.018164,False
44,2s,2,0,2,39.850000,-5401.538664,0.000000,0.000000,-5401.538664,0.150565,0.079675,False
44,2p,2,1,6,39.850000,-5435.174619,79520.587014,0.000000,74085.412395,0.125861,0.066603,False
44,3s,3,0,2,29.250000,-1293.391672,0.000000,0.000000,-1293.391672,0.461538,0.244236,False
44,3p,3,1,6,29.250000,-1358.458002,1709.340937,0.000000,350.882935,0.438100,0.231832,False
44,4s,4,0,2,12.950000,-142.606849,0.000000,0.000000,-142.606849,1.853282,0.980715,False
44,3d,3,2,10,29.250000,-1361.570830,342.651559,0.000000,-1018.919271,0.368436,0.194968,False
44,4p,4,1,6,12.950000,-156.029931,3.182363,0.000000,-152.847568,1.859649,0.984084,False
44,5s,5,0,2,10.000000,-54.422792,0.000000,0.000000,-54.422792,3.750000,1.984415,False
44,4d,4,2,6,12.950000,-156.199403,0.637164,0.000000,-155.562239,1.698904,0.899021,True
45,1s,1,0,2,44.700000,-27185.409248,0.000000,0.000000,-27185.409248,0.033557,0.017758,False
45,2s,2,0,2,40.850000,-5676.033623,0.000000,0.000000,-5676.033623,0.146879,0.077725,False
45,2p,2,1,6,40.850000,-5711.378887,92270.311792,0.000000,86558.932905,0.122780,0.064972,False
45,3s,3,0,2,30.250000,-1383.340454,0.000000,0.000000,-1383.340454,0.446281,0.236162,False
45,3p,3,1,6,30.250000,-1452.931814,2091.345302,0.000000,638.413488,0.423617,0.224169,False
45,4s,4,0,2,13.600000,-157.281870,0.000000,0.000000,-157.281870,1.764706,0.933842,False
45,3d,3,2,10,30.250000,-1456.261123,419.227500,0.000000,-1037.033624,0.356256,0.188523,False
45,4p,4,1,6,13.600000,-172.086260,4.269378,0.000000,-167.816882,1.770769,0.937050,False
45,5s,5,0,2,10.000000,-54.422792,0.000000,0.000000,-54.422792,3.750000,1.984415,False
45,4d,4,2,7,13.600000,-172.273172,0.854803,0.000000,-171.418369,1.617706,0.856053,True
46,1s,1,0,2,45.700000,-28415.364354,0.000000,0.000000,-28415.364354,0.032823,0.017369,False
46,2s,2,0,2,41.850000,-5957.331430,0.000000,0.000000,-5957.331430,0.143369,0.075868,False
46,2p,2,1,6,41.850000,-5994.428366,106679.850133,0.000000,100685.421767,0.119846,0.063420,False
46,3s,3,0,2,31.250000,-1476.312724,0.000000,0.000000,-1476.312724,0.432000,0.228605,False
46,3p,3,1,6,31.250000,-1550.581217,2541.988616,0.000000,991.407399,0.410061,0.216995,False
46,4s,4,0,2,14.250000,-172.675441,0.000000,0.000000,-172.675441,1.684211,0.891246,False
46,3d,3,2,10,31.250000,-1554.134284,509.562687,0.000000,-1044.571597,0.344856,0.182490,False
46,4p,4,1,6,14.250000,-188.928775,5.649634,0.000000,-183.279141,1.689997,0.894308,False
46,5s,5,0,2,10.000000,-54.422792,0.000000,0.000000,-54.422792,3.750000,1.984415,False
46,4d,4,2,8,14.250000,-189.133980,1.131154,0.000000,-188.002826,1.543916,0.817005,True
47,1s,1,0,2,46.700000,-29672.530855,0.000000,0.000000,-29672.530855,0.032120,0.016997,False
47,2s,2,0,2,42.850000,-6245.432087,0.000000,0.000000,-6245.432087,0.140023,0.074097,False
47,2p,2,1,6,42.850000,-6284.323056,122917.743932,0.000000,116633.420876,0.117049,0.061940,False
47,3s,3,0,2,32.250000,-1572.308483,0.000000,0.000000,-1572.308483,0.418605,0.221516,False
47,3p,3,1,6,32.250000,-1651.406210,3070.801790,0.000000,1419.395580,0.397346,0.210267,False
47,4s,4,0,2,14.900000,-188.787564,0.000000,0.000000,-188.787564,1.610738,0.852366,False
47,3d,3,2,10,32.250000,-1655.190312,615.567671,0.000000,-1039.622641,0.334163,0.176831,False
47,4p,4,1,6,14.900000,-206.557475,7.383270,0.000000,-199.174205,1.616272,0.855294,False
47,5s,5,0,2,10.000000,-54.422792,0.000000,0.000000,-54.422792,3.750000,1.984415,False
47,4d,4,2,9,14.900000,-206.781828,1.478258,0.000000,-205.303570,1.476564,0.781364,True
48,1s,1,0,2,47.700000,-30956.908752,0.000000,0.000000,-30956.908752,0.031447,0.016641,False
48,2s,2,0,2,43.850000,-6540.335592,0.000000,0.000000,-6540.335592,0.136830,0.072407,False
48,2p,2,1,6,43.850000,-6581.062957,141165.057427,0.000000,134583.994470,0.114380,0.060527,False
48,3s,3,0,2,33.250000,-1671.327730,0.000000,0.000000,-1671.327730,0.406015,0.214854,False
48,3p,3,1,6,33.250000,-1755.406793,3688.275630,0.000000,1932.868837,0.385396,0.203943,False
48,4s,4,0,2,15.550000,-205.618238,0.000000,0.000000,-205.618238,1.543408,0.816737,False
48,3d,3,2,10,33.250000,-1759.429206,739.345420,0.000000,-1020.083786,0.324113,0.171513,False
48,4p,4,1,6,15.550000,-224.972361,9.539235,0.000000,-215.433127,1.548711,0.819543,False
48,5s,5,0,2,10.000000,-54.422792,0.000000,0.000000,-54.422792,3.750000,1.984415,False
48,4d,4,2,10,15.550000,-225.216715,1.909919,0.000000,-223.306796,1.414843,0.748703,True
49,1s,1,0,2,48.700000,-32268.498046,0.000000,0.000000,-32268.498046,0.030801,0.016299,False
49,2s,2,0,2,44.850000,-6842.041947,0.000000,0.000000,-6842.041947,0.133779,0.070793,False
49,2p,2,1,6,44.850000,-6884.648069,161615.982678,0.000000,154731.334609,0.111830,0.059178,False
49,3s,3,0,2,34.250000,-1773.370465,0.000000,0.000000,-1773.370465,0.394161,0.208581,False
49,3p,3,1,6,34.250000,-1862.582967,4405.923236,0.000000,2543.340269,0.374144,0.197988,False
49,4s,4,0,2,16.550000,-232.914670,0.000000,0.000000,-232.914670,1.450151,0.767387,False
49,3d,3,2,10,34.250000,-1866.850968,883.203831,0.000000,-983.647137,0.314650,0.166505,False
49,4p,4,1,6,16.550000,-254.838110,13.864977,0.000000,-240.973133,1.455133,0.770023,False
49,5s,5,0,2,10.000000,-54.422792,0.000000,0.000000,-54.422792,3.750000,1.984415,False
49,4d,4,2,10,16.550000,-255.114903,2.776007,0.000000,-252.338896,1.329354,0.703464,False
49,5p,5,1,1,10.000000,-59.856378,0.222251,0.000000,-59.634128,3.832208,2.027917,True
50,1s,1,0,2,49.700000,-33607.298736,0.000000,0.000000,-33607.298736,0.030181,0.015971,False
50,2s,2,0,2,45.850000,-7150.551151,0.000000,0.000000,-7150.551151,0.130862,0.069249,False
50,2p,2,1,6,45.850000,-7195.078392,184478.459335,0.000000,177283.380942,0.109391,0.057887,False
50,3s,3,0,2,35.250000,-1878.436689,0.000000,0.000000,-1878.436689,0.382979,0.202664,False
50,3p,3,1,6,35.250000,-1972.934731,5236.344356,0.000000,3263.409625,0.363530,0.192372,False
50,4s,4,0,2,17.550000,-261.911814,0.000000,0.000000,-261.911814,1.367521,0.723661,False
50,3d,3,2,10,35.250000,-1977.455597,1049.668627,0.000000,-927.786970,0.305723,0.161782,False
50,4p,4,1,6,17.550000,-286.564654,19.714869,0.000000,-266.849785,1.372220,0.726147,False
50,5s,5,0,2,10.000000,-54.422792,0.000000,0.000000,-54.422792,3.750000,1.984415,False
50,4d,4,2,10,17.550000,-286.875906,3.947256,0.000000,-282.928650,1.253607,0.663380,False
50,5p,5,1,2,10.000000,-59.856378,0.222251,0.000000,-59.634128,3.832208,2.027917,True
51,1s,1,0,2,50.700000,-34973.310821,0.000000,0.000000,-34973.310821,0.029586,0.015656,False
51,2s,2,0,2,46.850000,-7465.863203,0.000000,0.000000,-7465.863203,0.128068,0.067771,False
51,2p,2,1,6,46.850000,-7512.353927,209974.808707,0.000000,202462.454780,0.107056,0.056652,False
51,3s,3,0,2,36.250000,-1986.526402,0.000000,0.000000,-1986.526402,0.372414,0.197073,False
51,3p,3,1,6,36.250000,-2086.462086,6193.291717,0.000000,4106.829631,0.353501,0.187065,False
51,4s,4,0,2,18.550000,-292.609670,0.000000,0.000000,-292.609670,1.293801,0.684650,False
51,3d,3,2,10,36.250000,-2091.243092,1241.496657,0.000000,-849.746435,0.297290,0.157319,False
51,4p,4,1,6,18.550000,-320.151992,27.491260,0.000000,-292.660731,1.298246,0.687002,False
51,5s,5,0,2,10.000000,-54.422792,0.000000,0.000000,-54.422792,3.750000,1.984415,False
51,4d,4,2,10,18.550000,-320.499725,5.504224,0.000000,-314.995501,1.186027,0.627619,False
51,5p,5,1,3,10.000000,-59.856378,0.222251,0.000000,-59.634128,3.832208,2.027917,True
52,1s,1,0,2,51.700000,-36366.534303,0.000000,0.000000,-36366.534303,0.029014,0.015353,False
52,2s,2,0,2,47.850000,-7787.978105,0.000000,0.000000,-7787.978105,0.125392,0.066355,False
52,2p,2,1,6,47.850000,-7836.474672,238342.382126,0.000000,230505.907454,0.104819,0.055468,False
52,3s,3,0,2,37.250000,-2097.639603,0.000000,0.000000,-2097.639603,0.362416,0.191782,False
52,3p,3,1,6,37.250000,-2203.165030,7291.739312,0.000000,5088.574281,0.344011,0.182043,False
52,4s,4,0,2,19.550000,-325.008238,0.000000,0.000000,-325.008238,1.227621,0.649629,False
52,3d,3,2,10,37.250000,-2208.213455,1461.689582,0.000000,-746.523873,0.289309,0.153096,False
52,4p,4,1,6,19.550000,-355.600124,37.671398,0.000000,-317.928726,1.231839,0.651861,False
52,5s,5,0,2,10.000000,-54.422792,0.000000,0.000000,-54.422792,3.750000,1.984415,False
52,4d,4,2,10,19.550000,-355.986359,7.542463,0.000000,-348.443896,1.125361,0.595515,False
52,5p,5,1,4,10.000000,-59.856378,0.222251,0.000000,-59.634128,3.832208,2.027917,True
53,1s,1,0,2,52.700000,-37786.969181,0.000000,0.000000,-37786.969181,0.028463,0.015062,False
53,2s,2,0,2,48.850000,-8116.895856,0.000000,0.000000,-8116.895856,0.122825,0.064996,False
53,2p,2,1,6,48.850000,-8167.440628,269834.223612,0.000000,261666.782983,0.102673,0.054332,False
53,3s,3,0,2,38.250000,-2211.776292,0.000000,0.000000,-2211.776292,0.352941,0.186768,False
53,3p,3,1,6,38.250000,-2323.043565,8547.952657,0.000000,6224.909092,0.335017,0.177284,False
53,4s,4,0,2,20.550000,-359.107519,0.000000,0.000000,-359.107519,1.167883,0.618017,False
53,3d,3,2,10,38.250000,-2328.366685,1713.507959,0.000000,-614.858726,0.281745,0.149093,False
53,4p,4,1,6,20.550000,-392.909050,50.816193,0.000000,-342.092858,1.171896,0.620140,False
53,5s,5,0,2,10.000000,-54.422792,0.000000,0.000000,-54.422792,3.750000,1.984415,False
53,4d,4,2,10,20.550000,-393.335809,10.174277,0.000000,-383.161531,1.070599,0.566537,False
53,5p,5,1,5,10.000000,-59.856378,0.222251,0.000000,-59.634128,3.832208,2.027917,True
54,1s,1,0,2,53.700000,-39234.615456,0.000000,0.000000,-39234.615456,0.027933,0.014781,False
54,2s,2,0,2,49.850000,-8452.616455,0.000000,0.000000,-8452.616455,0.120361,0.063692,False
54,2p,2,1,6,49.850000,-8505.251796,304719.746824,0.000000,296214.495028,0.100613,0.053242,False
54,3s,3,0,2,39.250000,-2328.936470,0.000000,0.000000,-2328.936470,0.343949,0.182010,False
54,3p,3,1,6,39.250000,-2446.097691,9979.561013,0.000000,7533.463322,0.326482,0.172767,False
54,4s,4,0,2,21.550000,-394.907512,0.000000,0.000000,-394.907512,1.113689,0.589339,False
54,3d,3,2,10,39.250000,-2451.702782,2000.485720,0.000000,-451.217062,0.274567,0.145294,False
54,4p,4,1,6,21.550000,-432.078771,67.579475,0.000000,-364.499296,1.117515,0.591364,False
54,5s,5,0,2,10.000000,-54.422792,0.000000,0.000000,-54.422792,3.750000,1.984415,False
54,4d,4,2,10,21.550000,-432.548074,13.530575,0.000000,-419.017499,1.020919,0.540247,False
54,5p,5,1,6,10.000000,-59.856378,0.222251,0.000000,-59.634128,3.832208,2.027917,True
